Statistic,Value
Pearson r,0.021712845235954247
P-value,0.8436383249115953
