Statistic,Value
Pearson r,0.28323782653642293
P-value,0.0011967979426497006
